[{"id":"user-image-IMG-20180717-WA0000.jpg","publicUrl":"np://user.desktop.nicepage.com/Site_93240826/images/IMG-20180717-WA0000.jpg","size":48383,"hash":"dQtWrUkycj2CZx0kQt31R3d7HGA=","fileName":"IMG-20180717-WA0000.jpg","name":"IMG-20180717-WA0000","width":768,"height":1024,"thumbnail":{"url":"np://user.desktop.nicepage.com/Site_93240826/images/thumbnails/IMG-20180717-WA0000.jpg","width":188,"height":250},"folderId":null,"usages":["2851717523"]},{"id":"user-image-hgghgh.jpg","publicUrl":"np://user.desktop.nicepage.com/Site_93240826/images/hgghgh.jpg","size":385657,"hash":"IyWzGrfvta+8gfEdXCFeMu87HR8=","fileName":"hgghgh.jpg","name":"hgghgh","width":1000,"height":722,"thumbnail":{"url":"np://user.desktop.nicepage.com/Site_93240826/images/thumbnails/hgghgh.jpg","width":250,"height":181},"folderId":null,"originalUrl":"//images01.nicepage.com/c461c07a441a5d220e8feb1a/63b6a55f6a135764b05633e1/hgghgh.jpg","usages":["2851717523"]},{"id":"user-image-vvv.jpg","publicUrl":"np://user.desktop.nicepage.com/Site_93240826/images/vvv.jpg","size":78695,"hash":"vpHZUHGgd+kDE2ZgJY0WlMie4mk=","fileName":"vvv.jpg","name":"vvv","width":1139,"height":1080,"thumbnail":{"url":"np://user.desktop.nicepage.com/Site_93240826/images/thumbnails/vvv.jpg","width":250,"height":237},"folderId":null,"originalUrl":"//images01.nicepage.com/c461c07a441a5d220e8feb1a/87ada4cdaa5f58a2aaf45448/vvv.jpg","usages":["2851717523"]},{"id":"user-image-561127.png","publicUrl":"np://user.desktop.nicepage.com/Site_93240826/images/561127.png","size":2275,"hash":"GSNERzv1GdUB/KM2Mr1cjLHOqDs=","fileName":"561127.png","name":"561127","width":128,"height":128,"thumbnail":{"url":"np://user.desktop.nicepage.com/Site_93240826/images/thumbnails/561127.png","width":128,"height":128,"length":2275,"type":"png"},"folderId":null,"originalUrl":"//images01.nicepagecdn.com/c461c07a441a5d220e8feb1a/5c6883c99be25518b93e27fb/561127.png","usages":["314408194"]},{"id":"user-image-159832.png","publicUrl":"np://user.desktop.nicepage.com/Site_93240826/images/159832.png","size":3050,"hash":"6tN7b3GIuOknnSXcPvdMuWaJcqo=","fileName":"159832.png","name":"159832","width":128,"height":128,"thumbnail":{"url":"np://user.desktop.nicepage.com/Site_93240826/images/thumbnails/159832.png","width":128,"height":128,"length":3050,"type":"png"},"folderId":null,"originalUrl":"//images01.nicepagecdn.com/c461c07a441a5d220e8feb1a/1e35a124ab97534187797d5d/159832.png","usages":["314408194"]},{"id":"user-image-2838912.png","publicUrl":"np://user.desktop.nicepage.com/Site_93240826/images/2838912.png","size":3309,"hash":"h7/HH/0ZvnQq2pA81c0JVoTZC3o=","fileName":"2838912.png","name":"2838912","width":128,"height":128,"thumbnail":{"url":"np://user.desktop.nicepage.com/Site_93240826/images/thumbnails/2838912.png","width":128,"height":128,"length":3309,"type":"png"},"folderId":null,"originalUrl":"//images01.nicepagecdn.com/c461c07a441a5d220e8feb1a/2a887ebcd4e254be83f2068a/2838912.png","usages":["314408194"]},{"id":"user-image-536-5369127_toyota-kijang-innova-png-transparent-png.png","publicUrl":"np://user.desktop.nicepage.com/Site_93240826/images/536-5369127_toyota-kijang-innova-png-transparent-png.png","size":617892,"hash":"msF39TrgLkKDxwXPbY1NEzhS8a0=","fileName":"536-5369127_toyota-kijang-innova-png-transparent-png.png","name":"536-5369127_toyota-kijang-innova-png-transparent-png","width":860,"height":683,"thumbnail":{"url":"np://user.desktop.nicepage.com/Site_93240826/images/thumbnails/536-5369127_toyota-kijang-innova-png-transparent-png.png","width":250,"height":199},"folderId":null,"usages":["98399610"]},{"id":"user-image-traveller-2.6.jpg","publicUrl":"np://user.desktop.nicepage.com/Site_93240826/images/traveller-2.6.jpg","size":1085471,"hash":"oe3cK9Ed68yN1XXWcItxmV4Qt9U=","fileName":"traveller-2.6.jpg","name":"traveller-2.6","width":930,"height":733,"thumbnail":{"url":"np://user.desktop.nicepage.com/Site_93240826/images/thumbnails/traveller-2.6.jpg","width":250,"height":197},"folderId":null,"usages":["98399610"]},{"id":"user-image-marutisuzuki-dzire-right-front-three-quarter8.webp","publicUrl":"np://user.desktop.nicepage.com/Site_93240826/images/marutisuzuki-dzire-right-front-three-quarter8.webp","size":13994,"hash":"vgthWNTickurH5QKXGIcZv37dsY=","fileName":"marutisuzuki-dzire-right-front-three-quarter8.webp","name":"marutisuzuki-dzire-right-front-three-quarter8","width":664,"height":374,"thumbnail":{"url":"np://user.desktop.nicepage.com/Site_93240826/images/marutisuzuki-dzire-right-front-three-quarter8.webp","width":250,"height":141},"folderId":null,"usages":["98399610"]},{"id":"user-image-bus_56_seater-on-Rent-By-TransRentals-inner-image3-900x600-1.jpg","publicUrl":"np://user.desktop.nicepage.com/Site_93240826/images/bus_56_seater-on-Rent-By-TransRentals-inner-image3-900x600-1.jpg","size":27777,"hash":"L5aHo25mO3DFjmd6u5Ggt0GC9Ko=","fileName":"bus_56_seater-on-Rent-By-TransRentals-inner-image3-900x600-1.jpg","name":"bus_56_seater-on-Rent-By-TransRentals-inner-image3-900x600-1","width":900,"height":600,"thumbnail":{"url":"np://user.desktop.nicepage.com/Site_93240826/images/thumbnails/bus_56_seater-on-Rent-By-TransRentals-inner-image3-900x600-1.jpg","width":250,"height":167},"folderId":null,"usages":["53892441","98399610"]},{"id":"user-image-7370261.png","publicUrl":"np://user.desktop.nicepage.com/Site_93240826/images/7370261.png","size":1201,"hash":"eaASFdmKfg7vGqyBVRTtfRfmFXM=","fileName":"7370261.png","name":"7370261","width":128,"height":128,"thumbnail":{"url":"np://user.desktop.nicepage.com/Site_93240826/images/thumbnails/7370261.png","width":128,"height":128,"length":1201,"type":"png"},"folderId":null,"usages":["53892441","98399610"]},{"id":"user-image-6366707.png","publicUrl":"np://user.desktop.nicepage.com/Site_93240826/images/6366707.png","size":1494,"hash":"p7NVro3VcUha9wXCulBCzlwQLKI=","fileName":"6366707.png","name":"6366707","width":128,"height":128,"thumbnail":{"url":"np://user.desktop.nicepage.com/Site_93240826/images/thumbnails/6366707.png","width":128,"height":128,"length":1494,"type":"png"},"folderId":null,"usages":["53892441","98399610"]},{"id":"user-image-marutisuzuki-dzire-left-front-three-quarter2.jpeg","publicUrl":"np://user.desktop.nicepage.com/Site_93240826/images/marutisuzuki-dzire-left-front-three-quarter2.jpeg","size":39777,"hash":"2jXncFJUjewAdmC48bRwQciIeMo=","fileName":"marutisuzuki-dzire-left-front-three-quarter2.jpeg","name":"marutisuzuki-dzire-left-front-three-quarter2","width":1250,"height":703,"thumbnail":{"url":"np://user.desktop.nicepage.com/Site_93240826/images/thumbnails/marutisuzuki-dzire-left-front-three-quarter2.jpeg","width":250,"height":141},"folderId":null,"usages":["53892441"]},{"id":"user-image-chevrolet-tavera_827x510_51466682653.webp","publicUrl":"np://user.desktop.nicepage.com/Site_93240826/images/chevrolet-tavera_827x510_51466682653.webp","size":25298,"hash":"GuiAXbdRr1rIKth+U4WyeF1bfj4=","fileName":"chevrolet-tavera_827x510_51466682653.webp","name":"chevrolet-tavera_827x510_51466682653","width":827,"height":510,"thumbnail":{"url":"np://user.desktop.nicepage.com/Site_93240826/images/chevrolet-tavera_827x510_51466682653.webp","width":250,"height":154},"folderId":null,"usages":["53892441","98399610"]},{"id":"user-image-download1.jpg","publicUrl":"np://user.desktop.nicepage.com/Site_93240826/images/download1.jpg","size":6102,"hash":"AehVWKegnYuB0XUCG69G5xAZL40=","fileName":"download1.jpg","name":"download1","width":254,"height":199,"thumbnail":{"url":"np://user.desktop.nicepage.com/Site_93240826/images/thumbnails/download1.jpg","width":250,"height":196},"folderId":null,"usages":["53892441"]},{"id":"user-image-innova-crysta-9-240.jpg","publicUrl":"np://user.desktop.nicepage.com/Site_93240826/images/innova-crysta-9-240.jpg","size":32818,"hash":"/T1oQP2dFvxtZKwTbQUrGW9Mx+s=","fileName":"innova-crysta-9-240.jpg","name":"innova-crysta-9-240","width":560,"height":325,"thumbnail":{"url":"np://user.desktop.nicepage.com/Site_93240826/images/thumbnails/innova-crysta-9-240.jpg","width":250,"height":145},"folderId":null,"usages":["53892441","98399610"]},{"id":"user-image-Toyota-Innova-Right-Front-Three-Quarter-72626.webp","publicUrl":"np://user.desktop.nicepage.com/Site_93240826/images/Toyota-Innova-Right-Front-Three-Quarter-72626.webp","size":16308,"hash":"ZUvtQ0FE9VQ+fx81yhBty5RLEE4=","fileName":"Toyota-Innova-Right-Front-Three-Quarter-72626.webp","name":"Toyota-Innova-Right-Front-Three-Quarter-72626","width":664,"height":374,"thumbnail":{"url":"np://user.desktop.nicepage.com/Site_93240826/images/Toyota-Innova-Right-Front-Three-Quarter-72626.webp","width":250,"height":141},"folderId":null,"usages":["53892441"]},{"id":"user-image-2549872.png","publicUrl":"np://user.desktop.nicepage.com/Site_93240826/images/2549872.png","size":2658,"hash":"Y7EwB3Fpc8veuuIhX4k9IZD1bBc=","fileName":"2549872.png","name":"2549872","width":128,"height":128,"thumbnail":{"url":"np://user.desktop.nicepage.com/Site_93240826/images/thumbnails/2549872.png","width":128,"height":128,"length":2658,"type":"png"},"folderId":null,"usages":["489621163"]},{"id":"user-image-BRAHMANITRAVELs.png","publicUrl":"np://user.desktop.nicepage.com/Site_93240826/images/BRAHMANITRAVELs.png","size":9564,"hash":"IPuhbD1SIqKPomE8p1EXPvnJREI=","fileName":"BRAHMANITRAVELs.png","name":"BRAHMANITRAVELs","width":500,"height":500,"thumbnail":{"url":"np://user.desktop.nicepage.com/Site_93240826/images/thumbnails/BRAHMANITRAVELs.png","width":250,"height":250},"folderId":null,"usages":[]},{"id":"user-image-10863861.png","publicUrl":"np://user.desktop.nicepage.com/Site_93240826/images/10863861.png","size":3695,"hash":"4KaB1790rK+uJirfUe4AnuO3hvM=","fileName":"10863861.png","name":"10863861","width":128,"height":128,"thumbnail":{"url":"np://user.desktop.nicepage.com/Site_93240826/images/thumbnails/10863861.png","width":128,"height":128,"length":3695,"type":"png"},"folderId":null,"usages":["489621163"]},{"id":"user-image-1581997.png","publicUrl":"np://user.desktop.nicepage.com/Site_93240826/images/1581997.png","size":4716,"hash":"AhQ3L0Zgivbjp1NqN5Ah2ZIVRNE=","fileName":"1581997.png","name":"1581997","width":128,"height":128,"thumbnail":{"url":"np://user.desktop.nicepage.com/Site_93240826/images/thumbnails/1581997.png","width":128,"height":128,"length":4716,"type":"png"},"folderId":null,"usages":["489621163"]},{"id":"user-image-5095193.png","publicUrl":"np://user.desktop.nicepage.com/Site_93240826/images/5095193.png","size":2741,"hash":"lxU/MIbzR+gVyPaBiE5iikr8uOM=","fileName":"5095193.png","name":"5095193","width":128,"height":128,"thumbnail":{"url":"np://user.desktop.nicepage.com/Site_93240826/images/thumbnails/5095193.png","width":128,"height":128,"length":2741,"type":"png"},"folderId":null,"usages":["489621163"]},{"id":"user-image-e0ddc46b1627cc1217f7578e9bffb819_150.png","publicUrl":"np://user.desktop.nicepage.com/Site_93240826/images/e0ddc46b1627cc1217f7578e9bffb819_150.png","size":48774,"hash":"NuJDG8es3KwftXl0tLlluHRtTLU=","fileName":"e0ddc46b1627cc1217f7578e9bffb819_150.png","name":"e0ddc46b1627cc1217f7578e9bffb819_150","width":150,"height":150,"thumbnail":{"url":"np://user.desktop.nicepage.com/Site_93240826/images/thumbnails/e0ddc46b1627cc1217f7578e9bffb819_150.png","width":150,"height":150,"length":48774,"type":"png"},"folderId":null,"originalUrl":"//images01.nicepage.com/thumbs/e0/dd/e0ddc46b1627cc1217f7578e9bffb819_150.png","usages":["489621163"]},{"id":"user-image-0e397094d2b96d488ebee01285f44379_150.png","publicUrl":"np://user.desktop.nicepage.com/Site_93240826/images/0e397094d2b96d488ebee01285f44379_150.png","size":52853,"hash":"DwtZRLs96NelVGY+26PojKug2Qo=","fileName":"0e397094d2b96d488ebee01285f44379_150.png","name":"0e397094d2b96d488ebee01285f44379_150","width":150,"height":150,"thumbnail":{"url":"np://user.desktop.nicepage.com/Site_93240826/images/thumbnails/0e397094d2b96d488ebee01285f44379_150.png","width":150,"height":150,"length":52853,"type":"png"},"folderId":null,"originalUrl":"//images01.nicepage.com/thumbs/0e/39/0e397094d2b96d488ebee01285f44379_150.png","usages":["489621163"]},{"id":"user-image-554ca73a505a43d2ded7129c5b2dcc54.jpeg","publicUrl":"np://user.desktop.nicepage.com/Site_93240826/images/554ca73a505a43d2ded7129c5b2dcc54.jpeg","size":160074,"hash":"rwRt1hm2E04RHh97qlFTvuZrrs4=","fileName":"554ca73a505a43d2ded7129c5b2dcc54.jpeg","name":"554ca73a505a43d2ded7129c5b2dcc54","width":1600,"height":840,"thumbnail":{"url":"np://user.desktop.nicepage.com/Site_93240826/images/thumbnails/554ca73a505a43d2ded7129c5b2dcc54.jpeg","width":250,"height":131},"folderId":null,"originalUrl":"//images01.nicepage.com/55/4c/554ca73a505a43d2ded7129c5b2dcc54.jpeg","usages":["489621163"]},{"id":"user-image-73593d4ecae2df4d14109814a41b6d20.jpeg","publicUrl":"np://user.desktop.nicepage.com/Site_93240826/images/73593d4ecae2df4d14109814a41b6d20.jpeg","size":219229,"hash":"f4hQ53vsz8/EseIrG8qXbOBkSog=","fileName":"73593d4ecae2df4d14109814a41b6d20.jpeg","name":"73593d4ecae2df4d14109814a41b6d20","width":1267,"height":648,"thumbnail":{"url":"np://user.desktop.nicepage.com/Site_93240826/images/thumbnails/73593d4ecae2df4d14109814a41b6d20.jpeg","width":250,"height":128},"folderId":null,"originalUrl":"//images01.nicepage.com/73/59/73593d4ecae2df4d14109814a41b6d20.jpeg","usages":["489621163"]},{"id":"user-image-170b9c029ced43e125d323cabcff9e0d.png","publicUrl":"np://user.desktop.nicepage.com/Site_93240826/images/170b9c029ced43e125d323cabcff9e0d.png","size":550788,"hash":"ex9OPA1Vr3hSExmZpBi0xS+d7uk=","fileName":"170b9c029ced43e125d323cabcff9e0d.png","name":"170b9c029ced43e125d323cabcff9e0d","width":1000,"height":495,"thumbnail":{"url":"np://user.desktop.nicepage.com/Site_93240826/images/thumbnails/170b9c029ced43e125d323cabcff9e0d.png","width":250,"height":124},"folderId":null,"originalUrl":"//images01.nicepage.com/17/0b/170b9c029ced43e125d323cabcff9e0d.png","usages":["489621163"]},{"id":"user-image-3908e0761ae2dff18854bc72f16b2918.jpeg","publicUrl":"np://user.desktop.nicepage.com/Site_93240826/images/3908e0761ae2dff18854bc72f16b2918.jpeg","size":78136,"hash":"SDbXxICuCZQ7skGQOS35AyKBWsc=","fileName":"3908e0761ae2dff18854bc72f16b2918.jpeg","name":"3908e0761ae2dff18854bc72f16b2918","width":1600,"height":986,"thumbnail":{"url":"np://user.desktop.nicepage.com/Site_93240826/images/thumbnails/3908e0761ae2dff18854bc72f16b2918.jpeg","width":250,"height":154},"folderId":null,"originalUrl":"//images01.nicepage.com/39/08/3908e0761ae2dff18854bc72f16b2918.jpeg","usages":["489621163"]}]