[{"id":114443109,"status":2,"title":"Blog Template","order":1,"templateKey":"blog","customTemplate":false,"customTemplateFilename":null,"pageLinks":[],"dateCreated":"2023-07-24T11:40:31.051Z","dateUpdated":"2023-07-24T11:40:31.054Z","folderId":null,"pageName":"Blog Template"},{"id":196996614,"status":2,"title":"Post Template","order":2,"templateKey":"post","customTemplate":false,"customTemplateFilename":null,"pageLinks":[],"dateCreated":"2023-07-23T15:38:51.116Z","dateUpdated":"2023-07-23T15:38:51.119Z","folderId":null,"pageName":"Post Template"},{"id":2115226068,"status":2,"title":"Product List Template","order":3,"templateKey":"products","customTemplate":false,"customTemplateFilename":null,"pageLinks":[],"dateCreated":"2023-07-23T15:38:51.131Z","dateUpdated":"2023-07-23T15:38:51.134Z","folderId":null,"pageName":"Product List Template"},{"id":227468895,"status":2,"title":"Product Details Template","order":4,"templateKey":"product","customTemplate":false,"customTemplateFilename":null,"pageLinks":[],"dateCreated":"2023-07-24T12:55:07.032Z","dateUpdated":"2023-07-24T12:55:07.036Z","folderId":null,"pageName":"Product Details Template"},{"id":862002871,"status":2,"title":"Shopping Cart Template","order":5,"templateKey":"cart","customTemplate":false,"customTemplateFilename":null,"pageLinks":[],"dateCreated":"2023-07-24T11:47:38.946Z","dateUpdated":"2023-07-24T11:47:38.951Z","folderId":null,"pageName":"Shopping Cart Template"},{"id":146040521,"status":2,"title":"Checkout Template","order":6,"templateKey":"checkout","customTemplate":false,"customTemplateFilename":null,"pageLinks":[],"dateCreated":"2023-07-24T11:44:15.044Z","dateUpdated":"2023-07-24T11:44:15.048Z","folderId":null,"pageName":"Checkout Template"},{"id":331511380,"status":2,"title":"Login Template","order":7,"templateKey":"login","customTemplate":false,"customTemplateFilename":null,"pageLinks":[],"dateCreated":"2023-07-24T11:45:30.439Z","dateUpdated":"2023-07-24T11:45:30.442Z","folderId":null,"pageName":"Login Template"},{"id":80757841,"status":2,"title":"Page Password Template","order":8,"templateKey":"password","customTemplate":false,"customTemplateFilename":null,"pageLinks":[],"dateCreated":"2023-07-23T15:38:51.216Z","dateUpdated":"2023-07-23T15:38:51.218Z","folderId":null,"pageName":"Page Password Template"},{"id":58875710,"status":2,"title":"404 Not Found Template","order":9,"templateKey":"404","customTemplate":false,"customTemplateFilename":null,"pageLinks":[],"dateCreated":"2023-07-23T15:38:51.230Z","dateUpdated":"2023-07-25T13:58:45.153Z","folderId":null,"pageName":"404 Not Found Template"},{"id":489621163,"status":2,"title":"Home","order":50,"templateKey":null,"customTemplate":false,"customTemplateFilename":null,"pageLinks":["98399610","942723265","56298965"],"dateCreated":"2023-07-24T11:38:14.925Z","dateUpdated":"2023-07-26T12:17:09.463Z","folderId":null,"pageName":"Home_489621163"},{"id":2851717523,"status":2,"title":"About","order":100,"templateKey":null,"customTemplate":false,"customTemplateFilename":null,"pageLinks":[],"dateCreated":"2023-07-23T15:38:51.244Z","dateUpdated":"2023-07-26T11:21:54.815Z","folderId":null,"pageName":"About_2851717523"},{"id":314408194,"status":2,"title":"Contact","order":101,"templateKey":null,"customTemplate":false,"customTemplateFilename":null,"pageLinks":[],"dateCreated":"2023-07-23T15:38:51.268Z","dateUpdated":"2023-07-25T14:36:33.324Z","folderId":null,"pageName":"Contact_314408194"},{"id":98399610,"status":2,"title":"TAIX BOOKING FORM","order":102,"templateKey":null,"customTemplate":false,"customTemplateFilename":null,"pageLinks":[],"dateCreated":"2023-07-24T13:33:24.400Z","dateUpdated":"2023-07-26T11:23:29.888Z","folderId":null,"pageName":"TAIX BOOKING FORM_98399610"},{"id":53892441,"status":2,"title":"Product List Template 1","order":103,"templateKey":"products","customTemplate":true,"customTemplateFilename":null,"pageLinks":[],"dateCreated":"2023-07-24T12:53:50.389Z","dateUpdated":"2023-07-24T12:53:50.393Z","folderId":null,"pageName":"Product List Template 1"},{"id":568714255,"status":2,"title":"Checkout Template 1","order":104,"templateKey":"checkout","customTemplate":true,"customTemplateFilename":null,"pageLinks":[],"dateCreated":"2023-07-24T12:53:48.575Z","dateUpdated":"2023-07-24T12:53:48.577Z","folderId":null,"pageName":"Checkout Template 1"},{"id":86639428,"status":2,"title":"Checkout Template 2","order":105,"templateKey":"checkout","customTemplate":true,"customTemplateFilename":null,"pageLinks":[],"dateCreated":"2023-07-24T13:18:41.084Z","dateUpdated":"2023-07-24T13:18:41.087Z","folderId":null,"pageName":"Checkout Template 2"},{"id":56298965,"status":2,"title":"Taxi Help Form","order":106,"templateKey":null,"customTemplate":false,"customTemplateFilename":null,"pageLinks":[],"dateCreated":"2023-07-26T11:33:13.036Z","dateUpdated":"2023-07-26T12:09:47.498Z","folderId":null,"pageName":"Taxi Help Form_56298965"},{"id":942723265,"status":2,"title":"Driver Feedback Form","order":107,"templateKey":null,"customTemplate":false,"customTemplateFilename":null,"pageLinks":[],"dateCreated":"2023-07-26T12:13:35.545Z","dateUpdated":"2023-07-29T10:05:07.253Z","folderId":null,"pageName":"Driver Feedback Form_942723265"}]